-- phpMyAdmin SQL Dump
-- version 5.1.0
-- https://www.phpmyadmin.net/
--
-- Host: 127.0.0.1
-- Generation Time: Jan 25, 2022 at 04:43 PM
-- Server version: 10.4.19-MariaDB
-- PHP Version: 8.0.6

SET SQL_MODE = "NO_AUTO_VALUE_ON_ZERO";
START TRANSACTION;
SET time_zone = "+00:00";


/*!40101 SET @OLD_CHARACTER_SET_CLIENT=@@CHARACTER_SET_CLIENT */;
/*!40101 SET @OLD_CHARACTER_SET_RESULTS=@@CHARACTER_SET_RESULTS */;
/*!40101 SET @OLD_COLLATION_CONNECTION=@@COLLATION_CONNECTION */;
/*!40101 SET NAMES utf8mb4 */;

--
-- Database: `acc_handler`
--

-- --------------------------------------------------------

--
-- Table structure for table `credits`
--

CREATE TABLE `credits` (
  `c_id` int(255) NOT NULL,
  `amount` decimal(13,2) NOT NULL DEFAULT 0.00,
  `date` date DEFAULT current_timestamp(),
  `description` varchar(255) DEFAULT NULL,
  `cat` int(255) NOT NULL DEFAULT 0,
  `time` time NOT NULL DEFAULT current_timestamp()
) ENGINE=InnoDB DEFAULT CHARSET=utf8mb4;

--
-- Dumping data for table `credits`
--

INSERT INTO `credits` (`c_id`, `amount`, `date`, `description`, `cat`, `time`) VALUES
(1, '10000.00', '2021-01-30', '', 1, '12:20:47'),
(2, '4000.00', '2021-01-30', '', 2, '12:23:06'),
(3, '4000.00', '2021-02-17', '', 2, '12:23:47'),
(4, '15000.00', '2021-03-09', '', 1, '12:25:17'),
(5, '4000.00', '2021-03-13', '', 2, '12:28:45'),
(7, '10000.00', '2021-03-31', '', 1, '12:29:51'),
(8, '4000.00', '2021-04-10', '', 2, '12:31:19'),
(9, '10000.00', '2021-04-28', '', 1, '12:31:52'),
(10, '4000.00', '2021-05-24', '', 2, '12:34:13'),
(11, '21000.00', '2021-07-06', '', 3, '12:38:29'),
(12, '4000.00', '2021-08-06', '', 2, '12:39:24'),
(13, '4000.00', '2021-09-11', '', 2, '12:40:08'),
(14, '11000.00', '2021-10-04', '', 3, '12:40:53'),
(15, '4000.00', '2021-10-13', '', 2, '12:41:21'),
(16, '4000.00', '2021-10-30', '', 2, '12:41:45'),
(17, '4000.00', '2021-11-22', '', 2, '12:42:10'),
(18, '4000.00', '2021-12-14', '', 2, '12:44:31'),
(19, '5000.00', '2021-11-21', '', 3, '13:46:26'),
(20, '20000.00', '2021-03-10', 'Aiya', 4, '14:25:08'),
(21, '149.63', '2021-01-23', '', 5, '15:22:29'),
(22, '151.29', '2021-02-20', '', 5, '15:23:06'),
(23, '141.35', '2021-03-20', '', 5, '15:23:39'),
(24, '192.01', '2021-04-24', '', 5, '15:24:06'),
(25, '201.19', '2021-05-22', '', 5, '15:24:35'),
(26, '216.73', '2021-06-20', '', 5, '15:24:57'),
(27, '124.74', '2021-07-21', '', 5, '15:25:20'),
(28, '46.45', '2021-08-21', '', 5, '15:25:41'),
(29, '39.04', '2021-09-20', '', 5, '15:26:04'),
(30, '47.79', '2021-10-23', '', 5, '15:26:28'),
(31, '54.31', '2021-11-20', '', 5, '15:26:50'),
(32, '92371.47', '2020-12-31', 'Opening Balance', 6, '15:37:57');

-- --------------------------------------------------------

--
-- Table structure for table `cre_cat`
--

CREATE TABLE `cre_cat` (
  `cc_id` int(255) NOT NULL,
  `name` varchar(255) DEFAULT NULL,
  `status` int(5) NOT NULL DEFAULT 1,
  `last_update` datetime NOT NULL DEFAULT current_timestamp()
) ENGINE=InnoDB DEFAULT CHARSET=utf8mb4;

--
-- Dumping data for table `cre_cat`
--

INSERT INTO `cre_cat` (`cc_id`, `name`, `status`, `last_update`) VALUES
(1, 'Salary', 1, '2021-12-15 12:31:52'),
(2, 'Bursary', 0, '2021-12-15 12:44:31'),
(3, 'Loan Repay - Aiya', 1, '2021-12-15 15:45:26'),
(4, 'Quick Loan - Repay', 1, '2021-12-15 18:55:08'),
(5, 'Bank Interest', 1, '2021-12-15 15:26:50'),
(6, 'Opening Balance', 1, '2021-12-15 20:07:57');

-- --------------------------------------------------------

--
-- Table structure for table `debits`
--

CREATE TABLE `debits` (
  `d_id` int(255) NOT NULL,
  `amount` decimal(13,2) NOT NULL DEFAULT 0.00,
  `date` date DEFAULT current_timestamp(),
  `description` varchar(255) DEFAULT NULL,
  `cat` int(255) NOT NULL DEFAULT 0,
  `time` time NOT NULL DEFAULT current_timestamp()
) ENGINE=InnoDB DEFAULT CHARSET=utf8mb4;

--
-- Dumping data for table `debits`
--

INSERT INTO `debits` (`d_id`, `amount`, `date`, `description`, `cat`, `time`) VALUES
(3, '200.00', '2021-01-19', '', 1, '11:36:10'),
(4, '100.00', '2021-01-24', '', 1, '11:36:39'),
(5, '250.00', '2021-01-26', '', 1, '11:37:07'),
(6, '200.00', '2021-01-29', '', 1, '11:37:22'),
(7, '100.00', '2021-02-10', '', 1, '11:37:58'),
(8, '100.00', '2021-02-17', '', 1, '11:38:55'),
(9, '150.00', '2021-02-23', '', 1, '11:39:17'),
(10, '100.00', '2021-02-26', '', 1, '11:39:37'),
(11, '99.00', '2021-12-10', '', 1, '11:40:10'),
(12, '99.00', '2021-12-08', '', 1, '11:40:23'),
(13, '99.00', '2021-11-25', '', 1, '11:41:21'),
(14, '100.00', '2021-11-12', '', 1, '11:41:46'),
(15, '100.00', '2021-03-08', '', 1, '11:42:45'),
(16, '100.00', '2021-03-13', '', 1, '11:43:08'),
(17, '100.00', '2021-03-15', '', 1, '11:43:37'),
(18, '100.00', '2021-03-19', '', 1, '11:44:02'),
(19, '100.00', '2021-03-24', '', 1, '11:44:14'),
(20, '100.00', '2021-03-29', '', 1, '11:44:28'),
(21, '200.00', '2021-04-02', '', 1, '11:56:29'),
(22, '100.00', '2021-04-08', '', 1, '11:56:50'),
(23, '199.00', '2021-04-14', '', 1, '11:57:26'),
(24, '100.00', '2021-04-23', '', 1, '11:57:43'),
(25, '150.00', '2021-04-24', '', 1, '11:58:24'),
(26, '100.00', '2021-05-01', '', 1, '11:58:58'),
(27, '100.00', '2021-05-01', '', 1, '11:59:43'),
(28, '100.00', '2021-05-02', '', 1, '11:59:57'),
(29, '100.00', '2021-05-04', '', 1, '12:00:25'),
(30, '100.00', '2021-05-09', '', 1, '12:00:45'),
(31, '200.00', '2021-05-13', '', 1, '12:01:06'),
(32, '100.00', '2021-05-18', '', 1, '12:01:18'),
(33, '150.00', '2021-05-23', '', 1, '12:01:33'),
(34, '360.00', '2021-05-26', '', 1, '12:01:54'),
(35, '99.00', '2021-05-29', '', 1, '12:02:29'),
(36, '199.00', '2021-01-06', '', 1, '12:03:51'),
(37, '99.00', '2021-06-03', '', 1, '12:04:51'),
(38, '150.00', '2021-06-06', '', 1, '12:05:15'),
(39, '198.00', '2021-06-15', '', 1, '12:05:41'),
(40, '100.00', '2021-06-23', '', 1, '12:06:08'),
(41, '99.00', '2021-06-24', '', 1, '12:06:25'),
(42, '99.00', '2021-06-30', '', 1, '12:06:44'),
(43, '199.00', '2021-07-04', '', 1, '12:08:11'),
(44, '150.00', '2021-07-06', '', 1, '12:08:35'),
(45, '99.00', '2021-07-07', '', 1, '12:08:47'),
(46, '99.00', '2021-07-08', '', 1, '12:09:03'),
(47, '70.00', '2021-07-10', '', 1, '12:09:22'),
(48, '99.00', '2021-07-13', '', 1, '12:09:43'),
(49, '159.00', '2021-07-17', '', 1, '12:10:26'),
(50, '347.00', '2021-07-26', '', 1, '12:10:46'),
(51, '100.00', '2021-07-28', '', 1, '12:11:15'),
(52, '50.00', '2021-07-30', '', 1, '12:11:29'),
(53, '99.00', '2021-08-04', '', 1, '12:12:15'),
(54, '99.00', '2021-08-16', '', 1, '12:12:40'),
(55, '347.00', '2021-08-26', '', 1, '12:13:07'),
(56, '100.00', '2021-08-27', '', 1, '12:13:28'),
(57, '100.00', '2021-09-24', '', 1, '12:14:03'),
(58, '100.00', '2021-09-30', '', 1, '12:14:15'),
(59, '100.00', '2021-10-10', '', 1, '12:14:38'),
(60, '99.00', '2021-10-16', '', 1, '12:15:10'),
(61, '130.00', '2021-10-23', '', 1, '12:15:30'),
(62, '100.00', '2021-10-26', '', 1, '12:15:55'),
(63, '100000.00', '2021-07-06', '', 2, '12:36:38'),
(64, '2600.00', '2021-01-05', '', 3, '12:50:36'),
(65, '1000.00', '2021-01-19', '', 3, '12:51:01'),
(66, '1500.00', '2021-01-30', '', 3, '12:52:19'),
(67, '700.00', '2021-02-28', '', 3, '13:14:20'),
(68, '2000.00', '2021-03-10', '', 3, '13:21:24'),
(69, '500.00', '2021-03-23', '', 3, '13:22:38'),
(70, '500.00', '2021-03-26', '', 3, '13:23:00'),
(71, '350.00', '2021-07-26', '', 3, '13:25:36'),
(72, '1000.00', '2021-08-07', '', 3, '13:27:04'),
(73, '1027.21', '2021-08-07', '', 4, '13:28:19'),
(74, '2000.00', '2021-09-03', '', 3, '13:31:29'),
(75, '100.00', '2021-09-30', '', 3, '13:34:24'),
(76, '100.00', '2021-10-03', '', 3, '13:35:18'),
(77, '360.00', '2021-10-07', '', 3, '13:35:54'),
(78, '200.00', '2021-10-18', '', 3, '13:37:03'),
(79, '150.00', '2021-10-25', '', 3, '13:37:33'),
(80, '150.00', '2021-11-04', '', 3, '13:40:11'),
(81, '300.00', '2021-11-14', '', 3, '13:40:46'),
(83, '150.00', '2021-11-22', '', 3, '13:41:43'),
(84, '200.00', '2021-11-25', '', 3, '13:42:47'),
(85, '13300.00', '2021-11-25', 'SSD + WIN 10 OS', 5, '13:44:27'),
(86, '250.00', '2021-11-28', 'SMS', 6, '13:48:42'),
(87, '400.00', '2021-06-23', 'SET', 6, '13:49:57'),
(88, '107.00', '2021-12-14', '', 3, '14:07:42'),
(89, '13000.00', '2021-02-02', 'Aiya', 7, '14:20:49'),
(90, '2000.00', '2021-02-17', 'Aiya', 7, '14:21:23'),
(91, '17000.00', '2021-03-04', 'Aiya', 7, '14:21:50'),
(92, '10000.00', '2021-06-22', 'Aiya', 7, '14:30:20'),
(93, '20.00', '2021-06-22', 'OC Withdrawal Charge', 6, '14:31:33'),
(94, '700.00', '2021-07-03', 'Vishwa Payment', 6, '14:32:32'),
(95, '6950.00', '2021-08-08', 'Aiya', 7, '14:33:39'),
(96, '9000.00', '2021-10-13', 'Aiya', 7, '14:37:25'),
(97, '100.00', '2021-01-16', 'Annual Chrage', 6, '14:50:12'),
(98, '5000.00', '2021-04-10', 'Aiya', 7, '14:57:18'),
(99, '5000.00', '2021-06-23', 'Aiya', 7, '15:02:12'),
(100, '2500.00', '2021-07-27', 'Aiya', 7, '15:13:04'),
(101, '100.00', '2021-11-16', '', 3, '15:19:02'),
(102, '5000.00', '2021-12-16', '', 8, '14:23:50'),
(103, '100.00', '2021-12-17', 'For Dialog Recharge', 3, '11:53:01');

-- --------------------------------------------------------

--
-- Table structure for table `deb_cat`
--

CREATE TABLE `deb_cat` (
  `d_id` int(255) NOT NULL,
  `name` varchar(255) DEFAULT NULL,
  `status` int(5) NOT NULL DEFAULT 0,
  `last_update` datetime NOT NULL DEFAULT current_timestamp()
) ENGINE=InnoDB DEFAULT CHARSET=utf8mb4;

--
-- Dumping data for table `deb_cat`
--

INSERT INTO `deb_cat` (`d_id`, `name`, `status`, `last_update`) VALUES
(1, 'Dialog Recharges', 0, '2021-12-15 12:15:55'),
(2, 'Loan - Aiya', 0, '2021-12-15 17:06:38'),
(3, 'Transfer To Web Card', 0, '2021-12-17 11:53:01'),
(4, 'Donation', 0, '2021-12-15 17:58:19'),
(5, 'PC Repair Or Modify', 1, '2021-12-15 18:14:27'),
(6, 'Bank Charges', 0, '2021-12-15 14:50:12'),
(7, 'Quick Loan', 0, '2021-12-15 15:13:04'),
(8, 'Bike Direct Payment', 0, '2021-12-16 18:53:50');

-- --------------------------------------------------------

--
-- Table structure for table `users`
--

CREATE TABLE `users` (
  `u_id` int(11) NOT NULL,
  `email` varchar(255) DEFAULT NULL,
  `password` varchar(255) DEFAULT NULL,
  `token` int(255) NOT NULL,
  `last_login_from` varchar(255) DEFAULT NULL,
  `last_login_to` varchar(255) DEFAULT NULL,
  `ip_address` varchar(255) DEFAULT NULL,
  `last_device` int(5) NOT NULL DEFAULT 0
) ENGINE=InnoDB DEFAULT CHARSET=utf8mb4;

--
-- Dumping data for table `users`
--

INSERT INTO `users` (`u_id`, `email`, `password`, `token`, `last_login_from`, `last_login_to`, `ip_address`, `last_device`) VALUES
(1, 'danuja.dilanka@gmail.com', '$2y$10$6xMe2Qgi6y..3H5ASlTjEOawYR3LN8qZ3p.IIGlp5uf4U8Bnax8oG', 0, '2021-12-17 16:42:52', '2021-12-17 16:19:21', '127.0.0.1', 0);

--
-- Indexes for dumped tables
--

--
-- Indexes for table `credits`
--
ALTER TABLE `credits`
  ADD PRIMARY KEY (`c_id`);

--
-- Indexes for table `cre_cat`
--
ALTER TABLE `cre_cat`
  ADD PRIMARY KEY (`cc_id`);

--
-- Indexes for table `debits`
--
ALTER TABLE `debits`
  ADD PRIMARY KEY (`d_id`);

--
-- Indexes for table `deb_cat`
--
ALTER TABLE `deb_cat`
  ADD PRIMARY KEY (`d_id`);

--
-- Indexes for table `users`
--
ALTER TABLE `users`
  ADD PRIMARY KEY (`u_id`);

--
-- AUTO_INCREMENT for dumped tables
--

--
-- AUTO_INCREMENT for table `credits`
--
ALTER TABLE `credits`
  MODIFY `c_id` int(255) NOT NULL AUTO_INCREMENT, AUTO_INCREMENT=35;

--
-- AUTO_INCREMENT for table `cre_cat`
--
ALTER TABLE `cre_cat`
  MODIFY `cc_id` int(255) NOT NULL AUTO_INCREMENT, AUTO_INCREMENT=7;

--
-- AUTO_INCREMENT for table `debits`
--
ALTER TABLE `debits`
  MODIFY `d_id` int(255) NOT NULL AUTO_INCREMENT, AUTO_INCREMENT=104;

--
-- AUTO_INCREMENT for table `deb_cat`
--
ALTER TABLE `deb_cat`
  MODIFY `d_id` int(255) NOT NULL AUTO_INCREMENT, AUTO_INCREMENT=9;

--
-- AUTO_INCREMENT for table `users`
--
ALTER TABLE `users`
  MODIFY `u_id` int(11) NOT NULL AUTO_INCREMENT, AUTO_INCREMENT=2;
COMMIT;

/*!40101 SET CHARACTER_SET_CLIENT=@OLD_CHARACTER_SET_CLIENT */;
/*!40101 SET CHARACTER_SET_RESULTS=@OLD_CHARACTER_SET_RESULTS */;
/*!40101 SET COLLATION_CONNECTION=@OLD_COLLATION_CONNECTION */;
